{
  "project_info": {
    "project_number": "1031868303998",
    "project_id": "market-sales-2168b",
    "storage_bucket": "market-sales-2168b.firebasestorage.app"
  },
  "client": [
    {
      "client_info": {
        "mobilesdk_app_id": "1:1031868303998:android:015af9efdd849be2e4e62f",
        "android_client_info": {
          "package_name": "es.nuskysoftware.marketsales"
        }
      },
      "oauth_client": [
        {
          "client_id": "1031868303998-ivk6t5tkpbbl460b1mf0ggl85vf3ij2d.apps.googleusercontent.com",
          "client_type": 1,
          "android_info": {
            "package_name": "es.nuskysoftware.marketsales",
            "certificate_hash": "df920e75f9075ba4c7475b04a98817c6908a2d8a"
          }
        },
        {
          "client_id": "1031868303998-cmeeqsr3lphkkaupsg1m41mfc8hasj1i.apps.googleusercontent.com",
          "client_type": 3
        }
      ],
      "api_key": [
        {
          "current_key": "AIzaSyAlibuoOoCHVWNJjR0TIGqS-REuJWlibmo"
        }
      ],
      "services": {
        "appinvite_service": {
          "other_platform_oauth_client": [
            {
              "client_id": "1031868303998-cmeeqsr3lphkkaupsg1m41mfc8hasj1i.apps.googleusercontent.com",
              "client_type": 3
            }
          ]
        }
      }
    },
    {
      "client_info": {
        "mobilesdk_app_id": "1:1031868303998:android:21b702704f8c0a35e4e62f",
        "android_client_info": {
          "package_name": "es.nuskysoftware.marketsales.debug"
        }
      },
      "oauth_client": [
        {
          "client_id": "1031868303998-tru07mbggncaoi1q6ldsut7ome58d4gv.apps.googleusercontent.com",
          "client_type": 1,
          "android_info": {
            "package_name": "es.nuskysoftware.marketsales.debug",
            "certificate_hash": "df920e75f9075ba4c7475b04a98817c6908a2d8a"
          }
        },
        {
          "client_id": "1031868303998-cmeeqsr3lphkkaupsg1m41mfc8hasj1i.apps.googleusercontent.com",
          "client_type": 3
        }
      ],
      "api_key": [
        {
          "current_key": "AIzaSyAlibuoOoCHVWNJjR0TIGqS-REuJWlibmo"
        }
      ],
      "services": {
        "appinvite_service": {
          "other_platform_oauth_client": [
            {
              "client_id": "1031868303998-cmeeqsr3lphkkaupsg1m41mfc8hasj1i.apps.googleusercontent.com",
              "client_type": 3
            }
          ]
        }
      }
    }
  ],
  "configuration_version": "1"
}